orderid,Qty,output_pdf_location,sku
402-9975516-1966702,1,outputs/amazon_output_pdfs/Order_402-9975516-1966702.pdf,WAISTBELT-73
406-4342488-3211526,1,outputs/amazon_output_pdfs/Order_406-4342488-3211526.pdf,WAISTBELT-73
171-7148432-7208310,1,outputs/amazon_output_pdfs/Order_171-7148432-7208310.pdf,WAISTBELT-73
404-2452350-9144327,1,outputs/amazon_output_pdfs/Order_404-2452350-9144327.pdf,WAISTBELT-73
171-4492304-4244369,1,outputs/amazon_output_pdfs/Order_171-4492304-4244369.pdf,WAISTBELT-73
402-3953233-6496326,1,outputs/amazon_output_pdfs/Order_402-3953233-6496326.pdf,WAISTBELT-73
403-7788932-5865124,1,outputs/amazon_output_pdfs/Order_403-7788932-5865124.pdf,WAISTBELT-73
404-8610094-4845931,1,outputs/amazon_output_pdfs/Order_404-8610094-4845931.pdf,WAISTBELT-73
403-7597066-1354752,1,outputs/amazon_output_pdfs/Order_403-7597066-1354752.pdf,WAISTBELT-73
404-1857346-0345165,1,outputs/amazon_output_pdfs/Order_404-1857346-0345165.pdf,WAISTBELT-73
402-4498957-4325122,1,outputs/amazon_output_pdfs/Order_402-4498957-4325122.pdf,WAISTBELT-73
403-6509018-6021110,1,outputs/amazon_output_pdfs/Order_403-6509018-6021110.pdf,WAISTBELT-73
403-4789861-5669944,1,outputs/amazon_output_pdfs/Order_403-4789861-5669944.pdf,WAISTBELT-73
404-7646311-4530739,1,outputs/amazon_output_pdfs/Order_404-7646311-4530739.pdf,WAISTBELT-73
404-8611435-1280311,1,outputs/amazon_output_pdfs/Order_404-8611435-1280311.pdf,WAISTBELT-73
406-4735190-6326736,1,outputs/amazon_output_pdfs/Order_406-4735190-6326736.pdf,WAISTBELT-73
407-6525368-4190720,1,outputs/amazon_output_pdfs/Order_407-6525368-4190720.pdf,WAISTBELT-73
404-1016754-1396313,1,outputs/amazon_output_pdfs/Order_404-1016754-1396313.pdf,WAISTBELT-73
406-1342646-9400351,1,outputs/amazon_output_pdfs/Order_406-1342646-9400351.pdf,WAISTBELT-73
402-0900022-0901927,1,outputs/amazon_output_pdfs/Order_402-0900022-0901927.pdf,WAISTBELT-73
404-8543330-3301123,1,outputs/amazon_output_pdfs/Order_404-8543330-3301123.pdf,SteamerPlate
402-0310059-9934740,1,outputs/amazon_output_pdfs/Order_402-0310059-9934740.pdf,SteamerPlate
404-0227193-2972308,1,outputs/amazon_output_pdfs/Order_404-0227193-2972308.pdf,SteamerPlate
402-3585411-1856302,1,outputs/amazon_output_pdfs/Order_402-3585411-1856302.pdf,SteamerPlate
406-6318278-8283519,1,outputs/amazon_output_pdfs/Order_406-6318278-8283519.pdf,SteamerPlate
403-2837013-1714740,1,outputs/amazon_output_pdfs/Order_403-2837013-1714740.pdf,SteamerPlate
171-8684360-0351520,1,outputs/amazon_output_pdfs/Order_171-8684360-0351520.pdf,SteamerPlate
403-4167093-2773127,1,outputs/amazon_output_pdfs/Order_403-4167093-2773127.pdf,BS-82
405-5490253-3525952,1,outputs/amazon_output_pdfs/Order_405-5490253-3525952.pdf,BS-82
406-6648528-8637149,1,outputs/amazon_output_pdfs/Order_406-6648528-8637149.pdf,BS-82
406-3975926-5762724,1,outputs/amazon_output_pdfs/Order_406-3975926-5762724.pdf,BS-82
402-0253070-9644320,1,outputs/amazon_output_pdfs/Order_402-0253070-9644320.pdf,BS-82
407-6977582-2187501,1,outputs/amazon_output_pdfs/Order_407-6977582-2187501.pdf,BS-82
407-0274553-6755526,1,outputs/amazon_output_pdfs/Order_407-0274553-6755526.pdf,FatAnalyzer
403-2522707-6445943,1,outputs/amazon_output_pdfs/Order_403-2522707-6445943.pdf,FatAnalyzer
408-1788980-3069960,1,outputs/amazon_output_pdfs/Order_408-1788980-3069960.pdf,FatAnalyzer
403-1577221-5230749,1,outputs/amazon_output_pdfs/Order_403-1577221-5230749.pdf,FatAnalyzer
171-6287101-0408348,1,outputs/amazon_output_pdfs/Order_171-6287101-0408348.pdf,FatAnalyzer
402-3615711-2265150,1,outputs/amazon_output_pdfs/Order_402-3615711-2265150.pdf,FatAnalyzer
403-1365709-2594758,1,outputs/amazon_output_pdfs/Order_403-1365709-2594758.pdf,BabyLeggings-White-4-6Y
171-3601859-3829130,1,outputs/amazon_output_pdfs/Order_171-3601859-3829130.pdf,BabyLeggings-White-4-6Y
402-8440324-3208338,1,outputs/amazon_output_pdfs/Order_402-8440324-3208338.pdf,BabyLeggings-White-4-6Y
402-8292380-2001957,1,outputs/amazon_output_pdfs/Order_402-8292380-2001957.pdf,BabyLeggings-White-4-6Y
402-7163167-1389113,1,outputs/amazon_output_pdfs/Order_402-7163167-1389113.pdf,BabyLeggings-White-4-6Y
407-2497428-1149128,1,outputs/amazon_output_pdfs/Order_407-2497428-1149128.pdf,BowHeadBand-Color1001
403-4457224-1236346,1,outputs/amazon_output_pdfs/Order_403-4457224-1236346.pdf,BowHeadBand-Color1001
407-4864454-6385935,1,outputs/amazon_output_pdfs/Order_407-4864454-6385935.pdf,BowHeadBand-Color1001
404-8035758-5139503,1,outputs/amazon_output_pdfs/Order_404-8035758-5139503.pdf,BowHeadBand-Color1001
406-3150369-8008343,1,outputs/amazon_output_pdfs/Order_406-3150369-8008343.pdf,BowHeadBand-Color1001
403-0286983-7857966,1,outputs/amazon_output_pdfs/Order_403-0286983-7857966.pdf,BucketHat-Giraffe-Green
403-5178016-1611545,1,outputs/amazon_output_pdfs/Order_403-5178016-1611545.pdf,BucketHat-Giraffe-Green
402-9183385-0258727,1,outputs/amazon_output_pdfs/Order_402-9183385-0258727.pdf,BucketHat-Giraffe-Green
407-4534707-2584338,1,outputs/amazon_output_pdfs/Order_407-4534707-2584338.pdf,BucketHat-Giraffe-Green
405-1567630-2609900,1,outputs/amazon_output_pdfs/Order_405-1567630-2609900.pdf,BucketHat-Giraffe-Green
405-4686721-1040316,1,outputs/amazon_output_pdfs/Order_405-4686721-1040316.pdf,BS-142
408-1412511-3521114,1,outputs/amazon_output_pdfs/Order_408-1412511-3521114.pdf,BS-142
402-9829079-6949932,1,outputs/amazon_output_pdfs/Order_402-9829079-6949932.pdf,BS-142
406-0548526-0782735,1,outputs/amazon_output_pdfs/Order_406-0548526-0782735.pdf,BS-142
402-0098795-7167570,1,outputs/amazon_output_pdfs/Order_402-0098795-7167570.pdf,Crown-Multicolor
408-0344895-1843549,1,outputs/amazon_output_pdfs/Order_408-0344895-1843549.pdf,Crown-Multicolor
407-5101217-7914756,1,outputs/amazon_output_pdfs/Order_407-5101217-7914756.pdf,Crown-Multicolor
407-0797179-2853127,1,outputs/amazon_output_pdfs/Order_407-0797179-2853127.pdf,Crown-Multicolor
404-2274565-0093111,1,outputs/amazon_output_pdfs/Order_404-2274565-0093111.pdf,Goggles-EarTie-Pink
402-8271437-9096338,1,outputs/amazon_output_pdfs/Order_402-8271437-9096338.pdf,Goggles-EarTie-Pink
407-1780684-2103517,1,outputs/amazon_output_pdfs/Order_407-1780684-2103517.pdf,Goggles-EarTie-Pink
406-6918009-3141101,1,outputs/amazon_output_pdfs/Order_406-6918009-3141101.pdf,Goggles-EarTie-Pink
408-1432703-9508365,1,outputs/amazon_output_pdfs/Order_408-1432703-9508365.pdf,Goggles-PigStyle-Pink
402-6169580-9346701,1,outputs/amazon_output_pdfs/Order_402-6169580-9346701.pdf,Goggles-PigStyle-Pink
403-2567771-8818756,1,outputs/amazon_output_pdfs/Order_403-2567771-8818756.pdf,Goggles-PigStyle-Pink
407-4342828-7369114,1,outputs/amazon_output_pdfs/Order_407-4342828-7369114.pdf,Goggles-PigStyle-Pink
403-5332483-3760301,1,outputs/amazon_output_pdfs/Order_403-5332483-3760301.pdf,WaistChain-EL95-19
407-2512083-6731518,1,outputs/amazon_output_pdfs/Order_407-2512083-6731518.pdf,WaistChain-EL95-19
404-0963895-5985929,1,outputs/amazon_output_pdfs/Order_404-0963895-5985929.pdf,WaistChain-EL95-19
408-5363258-7796315,1,outputs/amazon_output_pdfs/Order_408-5363258-7796315.pdf,WaistChain-EL95-19
404-5996301-6205968,1,outputs/amazon_output_pdfs/Order_404-5996301-6205968.pdf,WaterPouch_BT
404-4247064-1121161,1,outputs/amazon_output_pdfs/Order_404-4247064-1121161.pdf,WaterPouch_BT
404-1939776-5925903,1,outputs/amazon_output_pdfs/Order_404-1939776-5925903.pdf,WaterPouch_BT
403-5866928-9773927,1,outputs/amazon_output_pdfs/Order_403-5866928-9773927.pdf,WaterPouch_BT
406-4081953-8080304,1,outputs/amazon_output_pdfs/Order_406-4081953-8080304.pdf,Crown-SemiCircle-Golden
405-6166711-3130749,1,outputs/amazon_output_pdfs/Order_405-6166711-3130749.pdf,Crown-SemiCircle-Golden
407-6793086-3985168,1,outputs/amazon_output_pdfs/Order_407-6793086-3985168.pdf,1LoveTravel_Brown
405-1186362-0130750,1,outputs/amazon_output_pdfs/Order_405-1186362-0130750.pdf,65MM earphone foam
402-3306357-6121960,1,outputs/amazon_output_pdfs/Order_402-3306357-6121960.pdf,BabyBraceletEarrings-GradientPurple
408-5208551-7889946,1,outputs/amazon_output_pdfs/Order_408-5208551-7889946.pdf,BFROCK-02
407-5494324-6013907,1,outputs/amazon_output_pdfs/Order_407-5494324-6013907.pdf,Bracelet-Khaki
171-4786522-7083552,1,outputs/amazon_output_pdfs/Order_171-4786522-7083552.pdf,BROOCH-S247
408-0872052-2533111,1,outputs/amazon_output_pdfs/Order_408-0872052-2533111.pdf,BS-281
404-0574549-6147529,1,outputs/amazon_output_pdfs/Order_404-0574549-6147529.pdf,EarTips_Black_Small
407-9217824-3165922,1,outputs/amazon_output_pdfs/Order_407-9217824-3165922.pdf,GL-195
402-9586728-0552332,1,outputs/amazon_output_pdfs/Order_402-9586728-0552332.pdf,Goggles-CrownStyle-Green
403-6586436-4669151,1,outputs/amazon_output_pdfs/Order_403-6586436-4669151.pdf,HB-283
403-0676231-7042703,1,outputs/amazon_output_pdfs/Order_403-0676231-7042703.pdf,HB-374
407-8841943-4416364,1,outputs/amazon_output_pdfs/Order_407-8841943-4416364.pdf,NecklaceDisplay_Black_5
171-3121529-6432364,1,outputs/amazon_output_pdfs/Order_171-3121529-6432364.pdf,Pack3-KL-Socks-Turmeric-Grey-DGreen
171-9322956-3577133,1,outputs/amazon_output_pdfs/Order_171-9322956-3577133.pdf,PaintBrushes_Black
407-7747281-3682738,1,outputs/amazon_output_pdfs/Order_407-7747281-3682738.pdf,Safety Strips Edge Guard_Brown_Set(3)
408-5491814-7357931,1,outputs/amazon_output_pdfs/Order_408-5491814-7357931.pdf,SCHOOLBAG-45
408-3934910-3279528,1,outputs/amazon_output_pdfs/Order_408-3934910-3279528.pdf,TurbonHeadWrap_Maroon
404-2089218-3793137,1,outputs/amazon_output_pdfs/Order_404-2089218-3793137.pdf,WaistBandElastic-WP84-24
406-5998008-1057129,1,outputs/amazon_output_pdfs/Order_406-5998008-1057129.pdf,WaistBelt-Red-PD38
403-7089694-1230741,1,outputs/amazon_output_pdfs/Order_403-7089694-1230741.pdf,WaterBottle_Blue
408-1588722-7653113,1,outputs/amazon_output_pdfs/Order_408-1588722-7653113.pdf,WaterPouch_Yellow_Pack of 2
404-7583135-1749158,1,outputs/amazon_output_pdfs/Order_404-7583135-1749158.pdf,WP-246
408-7744560-0765108,1,outputs/amazon_output_pdfs/Order_408-7744560-0765108.pdf,3PCS NiddlesPins
171-0052659-8884306,1,outputs/amazon_output_pdfs/Order_171-0052659-8884306.pdf,50_CraftButtons_Sunflower
408-4540066-3960302,1,outputs/amazon_output_pdfs/Order_408-4540066-3960302.pdf,BabyBibs-RoadDriving
405-0561994-7156350,1,outputs/amazon_output_pdfs/Order_405-0561994-7156350.pdf,BabyLeggings-Black-0-6M
402-6714258-0285943,1,outputs/amazon_output_pdfs/Order_402-6714258-0285943.pdf,BabyLeggings-Black-12-24M
171-5211143-2923515,1,outputs/amazon_output_pdfs/Order_171-5211143-2923515.pdf,BabyLeggings-Black-6-12M
171-5119975-7819559,1,outputs/amazon_output_pdfs/Order_171-5119975-7819559.pdf,BabyLeggings-LightGrey-6-12M
406-6771712-4546725,1,outputs/amazon_output_pdfs/Order_406-6771712-4546725.pdf,BabyLeggings-LightGrey-6-12M
402-9657972-9866741,1,outputs/amazon_output_pdfs/Order_402-9657972-9866741.pdf,BabyLeggings-Pink-6-12M
402-5611184-3725154,1,outputs/amazon_output_pdfs/Order_402-5611184-3725154.pdf,BabyLeggings-Thin-White-6-12M
403-8632447-7645940,1,outputs/amazon_output_pdfs/Order_403-8632447-7645940.pdf,BabyLeggings-White-2-4Y
407-0049660-4620355,1,outputs/amazon_output_pdfs/Order_407-0049660-4620355.pdf,BabyLeggings-White-2-4Y
402-3295840-7053913,1,outputs/amazon_output_pdfs/Order_402-3295840-7053913.pdf,BabyLeggings-White-2-4Y
402-6601735-3751517,1,outputs/amazon_output_pdfs/Order_402-6601735-3751517.pdf,BabyLeggings-White-6-12M
406-5108678-0055524,1,outputs/amazon_output_pdfs/Order_406-5108678-0055524.pdf,BabyLeggings-White-6-12M
403-3113230-3734739,1,outputs/amazon_output_pdfs/Order_403-3113230-3734739.pdf,BC-09
407-4963497-4928311,1,outputs/amazon_output_pdfs/Order_407-4963497-4928311.pdf,BC-10
405-2945640-2242717,1,outputs/amazon_output_pdfs/Order_405-2945640-2242717.pdf,BC-12
407-2717835-0373941,1,outputs/amazon_output_pdfs/Order_407-2717835-0373941.pdf,BC-23
408-3673895-8791541,1,outputs/amazon_output_pdfs/Order_408-3673895-8791541.pdf,BC-58
403-4314870-4709930,1,outputs/amazon_output_pdfs/Order_403-4314870-4709930.pdf,BL-203
404-5735478-3177166,1,outputs/amazon_output_pdfs/Order_404-5735478-3177166.pdf,BL-209
405-5119403-0653918,1,outputs/amazon_output_pdfs/Order_405-5119403-0653918.pdf,BL-224
403-7936664-7048369,1,outputs/amazon_output_pdfs/Order_403-7936664-7048369.pdf,BL-230
404-6805055-5695567,1,outputs/amazon_output_pdfs/Order_404-6805055-5695567.pdf,BL-233
404-0175463-1725962,1,outputs/amazon_output_pdfs/Order_404-0175463-1725962.pdf,BL-244
408-1352146-4474752,1,outputs/amazon_output_pdfs/Order_408-1352146-4474752.pdf,BL-38
407-7829703-5297914,1,outputs/amazon_output_pdfs/Order_407-7829703-5297914.pdf,BL-66
407-2556413-2133126,1,outputs/amazon_output_pdfs/Order_407-2556413-2133126.pdf,BL-69
403-4894473-5762710,1,outputs/amazon_output_pdfs/Order_403-4894473-5762710.pdf,BS-140
408-9494695-2121122,1,outputs/amazon_output_pdfs/Order_408-9494695-2121122.pdf,Cap-PrintedBalaclava-Black
402-2690832-6113961,1,outputs/amazon_output_pdfs/Order_402-2690832-6113961.pdf,Cap-PrintedBalaclava-White
405-3526490-6989916,1,outputs/amazon_output_pdfs/Order_405-3526490-6989916.pdf,ChildrenSmallBag-PinkCat
404-5043939-9313158,1,outputs/amazon_output_pdfs/Order_404-5043939-9313158.pdf,L_BabySocks_SweetBunny-0-8 Years
407-2157895-1365919,1,outputs/amazon_output_pdfs/Order_407-2157895-1365919.pdf,LoveMeMore_Grey
405-1029221-3689147,1,outputs/amazon_output_pdfs/Order_405-1029221-3689147.pdf,LoveMeMore_Pink
408-7178830-8901128,1,outputs/amazon_output_pdfs/Order_408-7178830-8901128.pdf,MenWinterHats_Gray
171-0156251-2781108,1,outputs/amazon_output_pdfs/Order_171-0156251-2781108.pdf,PlainCap_Orange
402-5677868-3181167,1,outputs/amazon_output_pdfs/Order_402-5677868-3181167.pdf,PlainCap_Orange
406-9117454-0888359,1,outputs/amazon_output_pdfs/Order_406-9117454-0888359.pdf,PlainCap_Pink
403-6611535-2500300,1,outputs/amazon_output_pdfs/Order_403-6611535-2500300.pdf,PrintedFlowerHat_Pink&Blue
171-3537675-7560354,1,outputs/amazon_output_pdfs/Order_171-3537675-7560354.pdf,ScarfCap_Black
405-4925009-0305956,1,outputs/amazon_output_pdfs/Order_405-4925009-0305956.pdf,ScratchingStick
403-4065415-5488311,1,outputs/amazon_output_pdfs/Order_403-4065415-5488311.pdf,SK-02
408-6089888-8437124,1,outputs/amazon_output_pdfs/Order_408-6089888-8437124.pdf,SK-03
171-2180839-7743516,1,outputs/amazon_output_pdfs/Order_171-2180839-7743516.pdf,SK-09
404-9011980-4251540,1,outputs/amazon_output_pdfs/Order_404-9011980-4251540.pdf,SOCKS-SET5-WHITE-FLOWER
404-4748073-7836363,1,outputs/amazon_output_pdfs/Order_404-4748073-7836363.pdf,SWIM-12
171-4656326-4779550,1,outputs/amazon_output_pdfs/Order_171-4656326-4779550.pdf,SWIM-15
402-2529256-0018758,1,outputs/amazon_output_pdfs/Order_402-2529256-0018758.pdf,SWIM-23
403-5018362-3893936,1,outputs/amazon_output_pdfs/Order_403-5018362-3893936.pdf,SWIM-23
404-9827339-7481965,1,outputs/amazon_output_pdfs/Order_404-9827339-7481965.pdf,SWIM-23
405-7145142-1545143,1,outputs/amazon_output_pdfs/Order_405-7145142-1545143.pdf,Tea Drainer-Type1
407-2670570-8046727,1,outputs/amazon_output_pdfs/Order_407-2670570-8046727.pdf,WaistBand-Bow-White
404-2704480-7234703,1,outputs/amazon_output_pdfs/Order_404-2704480-7234703.pdf,WaistBandElastic-WP84-2
402-5755057-3648339,1,outputs/amazon_output_pdfs/Order_402-5755057-3648339.pdf,WAISTBELT-04
403-8969614-8392323,1,outputs/amazon_output_pdfs/Order_403-8969614-8392323.pdf,WAISTBELT-11
171-2409611-1746766,1,outputs/amazon_output_pdfs/Order_171-2409611-1746766.pdf,WAISTBELT-133
171-1310722-8765146,1,outputs/amazon_output_pdfs/Order_171-1310722-8765146.pdf,WaistBelt-PinBuckle-Black
171-3162037-9266750,1,outputs/amazon_output_pdfs/Order_171-3162037-9266750.pdf,WaistBelt-PinBuckle-Black
403-3070237-9196339,1,outputs/amazon_output_pdfs/Order_403-3070237-9196339.pdf,WaistChain-EL95-8
408-8538248-1897123,1,outputs/amazon_output_pdfs/Order_408-8538248-1897123.pdf,WaistChain-WP242-3
405-6807135-7066762,1,outputs/amazon_output_pdfs/Order_405-6807135-7066762.pdf,WaistChain-WP242-3
403-5254693-9215540,1,outputs/amazon_output_pdfs/Order_403-5254693-9215540.pdf,WaistChain-WP242-3
404-4720873-0812325,1,outputs/amazon_output_pdfs/Order_404-4720873-0812325.pdf,WC-08
405-3595199-3107563,1,outputs/amazon_output_pdfs/Order_405-3595199-3107563.pdf,WC-08
406-9545469-2268369,1,outputs/amazon_output_pdfs/Order_406-9545469-2268369.pdf,WC-09
405-0002861-2705917,1,outputs/amazon_output_pdfs/Order_405-0002861-2705917.pdf,WC-32
406-0404427-3478760,1,outputs/amazon_output_pdfs/Order_406-0404427-3478760.pdf,WC-36
403-7321701-7101919,1,outputs/amazon_output_pdfs/Order_403-7321701-7101919.pdf,WC-47
406-8602725-8448313,1,outputs/amazon_output_pdfs/Order_406-8602725-8448313.pdf,WC-47
403-3430857-2691505,1,outputs/amazon_output_pdfs/Order_403-3430857-2691505.pdf,WC-61
408-5350020-9262743,1,outputs/amazon_output_pdfs/Order_408-5350020-9262743.pdf,WC-62
404-3905033-0857126,1,outputs/amazon_output_pdfs/Order_404-3905033-0857126.pdf,BabyHatButton-Black
408-7886623-8053910,1,outputs/amazon_output_pdfs/Order_408-7886623-8053910.pdf,BabyLeggings-Pink-4-6Y
408-4870715-9837164,1,outputs/amazon_output_pdfs/Order_408-4870715-9837164.pdf,BabyLeggings-Thin-White-0-6M
402-2711844-6248317,1,outputs/amazon_output_pdfs/Order_402-2711844-6248317.pdf,BabyLeggings-White-0-6M
407-5048517-6317127,1,outputs/amazon_output_pdfs/Order_407-5048517-6317127.pdf,BabyLeggings-White-0-6M
402-4727830-6369113,1,outputs/amazon_output_pdfs/Order_402-4727830-6369113.pdf,BabyLeggings-White-12-24M
171-2845311-1320312,1,outputs/amazon_output_pdfs/Order_171-2845311-1320312.pdf,BabyLeggings-White-12-24M
406-5009302-1645100,1,outputs/amazon_output_pdfs/Order_406-5009302-1645100.pdf,BC-11
408-9532857-1700311,1,outputs/amazon_output_pdfs/Order_408-9532857-1700311.pdf,BC-19
402-0163312-9796309,1,outputs/amazon_output_pdfs/Order_402-0163312-9796309.pdf,BL-226
408-1062889-6730748,1,outputs/amazon_output_pdfs/Order_408-1062889-6730748.pdf,BL-239
407-5220069-8997144,1,outputs/amazon_output_pdfs/Order_407-5220069-8997144.pdf,BL-Packof3-BlackPinkDarkGrey-2-4Y
402-5614829-0408342,1,outputs/amazon_output_pdfs/Order_402-5614829-0408342.pdf,BS-141
402-9930911-7541906,1,outputs/amazon_output_pdfs/Order_402-9930911-7541906.pdf,BS-55
407-0582467-6599540,1,outputs/amazon_output_pdfs/Order_407-0582467-6599540.pdf,BS-55
406-7946998-7404354,1,outputs/amazon_output_pdfs/Order_406-7946998-7404354.pdf,BS-76
407-3187133-5309107,1,outputs/amazon_output_pdfs/Order_407-3187133-5309107.pdf,BS-78
404-8158487-5877929,1,outputs/amazon_output_pdfs/Order_404-8158487-5877929.pdf,Cap-PrintedBalaclava-Khaki
171-3453045-5465954,1,outputs/amazon_output_pdfs/Order_171-3453045-5465954.pdf,Cap-RabbitCartoon-Grey
402-0277767-4879565,1,outputs/amazon_output_pdfs/Order_402-0277767-4879565.pdf,CBS-31
171-5643550-4850740,1,outputs/amazon_output_pdfs/Order_171-5643550-4850740.pdf,EM-03
408-8123717-2932302,1,outputs/amazon_output_pdfs/Order_408-8123717-2932302.pdf,EM-46
406-0253245-2944373,1,outputs/amazon_output_pdfs/Order_406-0253245-2944373.pdf,EM-46
403-2001259-5045919,1,outputs/amazon_output_pdfs/Order_403-2001259-5045919.pdf,EM-46
402-4773044-5023532,1,outputs/amazon_output_pdfs/Order_402-4773044-5023532.pdf,MenWinterHats_Navy
404-2203742-3288332,1,outputs/amazon_output_pdfs/Order_404-2203742-3288332.pdf,PA-02
406-0319108-2451552,1,outputs/amazon_output_pdfs/Order_406-0319108-2451552.pdf,PrintedFlowerHat-Grey
403-3761242-2214712,1,outputs/amazon_output_pdfs/Order_403-3761242-2214712.pdf,ScarfCap_Beige
406-7108043-8821909,1,outputs/amazon_output_pdfs/Order_406-7108043-8821909.pdf,SCHOOLBAG-131
402-6864574-3510704,1,outputs/amazon_output_pdfs/Order_402-6864574-3510704.pdf,SCHOOLBAG-136
405-7200542-5641935,1,outputs/amazon_output_pdfs/Order_405-7200542-5641935.pdf,SOCKS-SET5-DARK-THEME
403-0757343-2378718,1,outputs/amazon_output_pdfs/Order_403-0757343-2378718.pdf,SOCKS-SET5-DARK-THEME
407-0530887-8235511,1,outputs/amazon_output_pdfs/Order_407-0530887-8235511.pdf,SOCKS-SET5-PURPLE-STRAW
407-0551522-3711545,1,outputs/amazon_output_pdfs/Order_407-0551522-3711545.pdf,SWIM-04
405-0721237-1630702,1,outputs/amazon_output_pdfs/Order_405-0721237-1630702.pdf,SWIM-04
407-4664187-4687557,1,outputs/amazon_output_pdfs/Order_407-4664187-4687557.pdf,WAISTBELT-46
405-1644046-8441152,1,outputs/amazon_output_pdfs/Order_405-1644046-8441152.pdf,WC-02
403-1521759-9934715,1,outputs/amazon_output_pdfs/Order_403-1521759-9934715.pdf,WC-44
171-3794028-9127506,1,outputs/amazon_output_pdfs/Order_171-3794028-9127506.pdf,WC-44
405-8514776-2725967,1,outputs/amazon_output_pdfs/Order_405-8514776-2725967.pdf,WC-44
406-4266161-2885967,1,outputs/amazon_output_pdfs/Order_406-4266161-2885967.pdf,WC-70
407-7455542-8635558,1,outputs/amazon_output_pdfs/Order_407-7455542-8635558.pdf,WC-71
408-5877188-6638762,1,outputs/amazon_output_pdfs/Order_408-5877188-6638762.pdf,WC-71
402-2618476-5173953,1,outputs/amazon_output_pdfs/Order_402-2618476-5173953.pdf,WP-179
408-0964798-6880345,1,outputs/amazon_output_pdfs/Order_408-0964798-6880345.pdf,10L_WaterPouch_BlueValve
408-7205091-9600300,1,outputs/amazon_output_pdfs/Order_408-7205091-9600300.pdf,10L_WaterPouch_BT
406-3431598-7684352,1,outputs/amazon_output_pdfs/Order_406-3431598-7684352.pdf,6KnifeSet_Black
171-9383630-0501934,1,outputs/amazon_output_pdfs/Order_171-9383630-0501934.pdf,8BonSticks_33CookieCutter
408-6570046-0279542,1,outputs/amazon_output_pdfs/Order_408-6570046-0279542.pdf,BabyBlanket_Avocado
402-3304274-6094713,1,outputs/amazon_output_pdfs/Order_402-3304274-6094713.pdf,Beads_QL-0020
407-1160717-3234745,1,outputs/amazon_output_pdfs/Order_407-1160717-3234745.pdf,BottleRack_Blue
402-2635991-3217963,1,outputs/amazon_output_pdfs/Order_402-2635991-3217963.pdf,BottleRack_Blue
404-7483960-1241924,1,outputs/amazon_output_pdfs/Order_404-7483960-1241924.pdf,BottleRack_Pink
171-5588667-1999566,1,outputs/amazon_output_pdfs/Order_171-5588667-1999566.pdf,BR-03
406-5348016-4864352,1,outputs/amazon_output_pdfs/Order_406-5348016-4864352.pdf,BR-03
404-6425490-5949118,1,outputs/amazon_output_pdfs/Order_404-6425490-5949118.pdf,Cake Smoother
171-8930144-2305166,1,outputs/amazon_output_pdfs/Order_171-8930144-2305166.pdf,Cake Smoother
404-9769494-3253914,1,outputs/amazon_output_pdfs/Order_404-9769494-3253914.pdf,COMPASS-BLUE
408-3057399-3595554,1,outputs/amazon_output_pdfs/Order_408-3057399-3595554.pdf,CutePuppyCap_Black
405-8777376-3567504,1,outputs/amazon_output_pdfs/Order_405-8777376-3567504.pdf,"DeskPad-Pink,Blue"
403-7990044-6000354,1,outputs/amazon_output_pdfs/Order_403-7990044-6000354.pdf,FOCUSDSLR STRAP
171-5303444-6874733,1,outputs/amazon_output_pdfs/Order_171-5303444-6874733.pdf,FOCUSDSLR STRAP
404-6491790-4624336,1,outputs/amazon_output_pdfs/Order_404-6491790-4624336.pdf,FruitPicker
404-5154572-2760332,1,outputs/amazon_output_pdfs/Order_404-5154572-2760332.pdf,Goggles-Modern-Black
403-9745381-3394704,1,outputs/amazon_output_pdfs/Order_403-9745381-3394704.pdf,Goggles-Modern-Black
171-9164196-8675503,1,outputs/amazon_output_pdfs/Order_171-9164196-8675503.pdf,Goggles-Modern-Black
407-2179941-3542741,1,outputs/amazon_output_pdfs/Order_407-2179941-3542741.pdf,Goggles-Round-MilkyFrame&TeaSlices
404-8253404-8260357,1,outputs/amazon_output_pdfs/Order_404-8253404-8260357.pdf,LargeBakingMat_1
404-3942017-8706728,1,outputs/amazon_output_pdfs/Order_404-3942017-8706728.pdf,LargeBakingMat_1
405-8844823-5365956,1,outputs/amazon_output_pdfs/Order_405-8844823-5365956.pdf,MicrophoneStand_Black
405-5401485-7977106,1,outputs/amazon_output_pdfs/Order_405-5401485-7977106.pdf,OvenThermometer
171-8821976-3985917,1,outputs/amazon_output_pdfs/Order_171-8821976-3985917.pdf,OvenThermometer
407-4631572-2522704,1,outputs/amazon_output_pdfs/Order_407-4631572-2522704.pdf,OvenThermometer
408-0817949-7206733,1,outputs/amazon_output_pdfs/Order_408-0817949-7206733.pdf,PencilStandBag-6874Blue
171-9444256-5817919,1,outputs/amazon_output_pdfs/Order_171-9444256-5817919.pdf,PlainCap_Blue
403-9082632-9350711,1,outputs/amazon_output_pdfs/Order_403-9082632-9350711.pdf,PlainCap_Blue
405-0446578-9181961,1,outputs/amazon_output_pdfs/Order_405-0446578-9181961.pdf,Racquet-Grip-Black-2
407-6847127-3731511,1,outputs/amazon_output_pdfs/Order_407-6847127-3731511.pdf,Racquet-Grip-SkyBlue-2
408-8308203-8012306,1,outputs/amazon_output_pdfs/Order_408-8308203-8012306.pdf,RingHolder_Black
408-0127463-2691502,1,outputs/amazon_output_pdfs/Order_408-0127463-2691502.pdf,RingHolder_Black
404-6866971-9155541,1,outputs/amazon_output_pdfs/Order_404-6866971-9155541.pdf,Small_Steamer Plate
408-4708162-0104332,1,outputs/amazon_output_pdfs/Order_408-4708162-0104332.pdf,SOUNDPROOF-EARMUFF-BLACK
402-1669694-6777943,1,outputs/amazon_output_pdfs/Order_402-1669694-6777943.pdf,Three Pcs Liquor Bottle Pourer
402-8121751-4960336,1,outputs/amazon_output_pdfs/Order_402-8121751-4960336.pdf,WaistChain-WP248
408-1587458-5337162,1,outputs/amazon_output_pdfs/Order_408-1587458-5337162.pdf,WaistChain-WP248
404-8707688-2377931,1,outputs/amazon_output_pdfs/Order_404-8707688-2377931.pdf,WatchBox_3 Cavity
171-3787756-7621151,1,outputs/amazon_output_pdfs/Order_171-3787756-7621151.pdf,Zhook_Small
171-5160258-4671550,1,outputs/amazon_output_pdfs/Order_171-5160258-4671550.pdf,1UShapeBabySafetyLock_6
402-5931415-5993162,1,outputs/amazon_output_pdfs/Order_402-5931415-5993162.pdf,4 Pcs Bottle Cleaner Brush
404-2631136-4288307,1,outputs/amazon_output_pdfs/Order_404-2631136-4288307.pdf,40 character abcd
403-8865576-6204323,1,outputs/amazon_output_pdfs/Order_403-8865576-6204323.pdf,ChexDesignWallet_Black
403-6125934-0845139,1,outputs/amazon_output_pdfs/Order_403-6125934-0845139.pdf,FOLDBAG-01
404-9720517-0365925,1,outputs/amazon_output_pdfs/Order_404-9720517-0365925.pdf,KEY-XX-GREY
405-2408824-0589961,1,outputs/amazon_output_pdfs/Order_405-2408824-0589961.pdf,KitchenSinkStrainer_Handle
404-9361244-0540362,1,outputs/amazon_output_pdfs/Order_404-9361244-0540362.pdf,MONITORSTAND-02
402-8925165-9278728,1,outputs/amazon_output_pdfs/Order_402-8925165-9278728.pdf,MONITORSTAND-02
404-5953314-0658744,1,outputs/amazon_output_pdfs/Order_404-5953314-0658744.pdf,MONITORSTAND-02
171-4725366-3285938,1,outputs/amazon_output_pdfs/Order_171-4725366-3285938.pdf,Stainless Steel Steamer_Small
406-8252185-0389904,1,outputs/amazon_output_pdfs/Order_406-8252185-0389904.pdf,SWIM-08
407-8429254-2045134,1,outputs/amazon_output_pdfs/Order_407-8429254-2045134.pdf,SWIM-11
407-0133714-7941150,1,outputs/amazon_output_pdfs/Order_407-0133714-7941150.pdf,TinyWallet_Black
407-9197015-1213137,1,outputs/amazon_output_pdfs/Order_407-9197015-1213137.pdf,WaistBelt-RetroBuckle-Beige
406-3143273-4171560,1,outputs/amazon_output_pdfs/Order_406-3143273-4171560.pdf,WaistBelt-RetroBuckle-Beige
407-5184316-6025138,1,outputs/amazon_output_pdfs/Order_407-5184316-6025138.pdf,WaistBelt-RetroBuckle-Beige
406-2037434-9939552,1,outputs/amazon_output_pdfs/Order_406-2037434-9939552.pdf,WP-108
407-2431027-0069169,1,outputs/amazon_output_pdfs/Order_407-2431027-0069169.pdf,WP-121
407-8380083-4255530,1,outputs/amazon_output_pdfs/Order_407-8380083-4255530.pdf,WP-123
404-8907140-1863516,1,outputs/amazon_output_pdfs/Order_404-8907140-1863516.pdf,WP-278
403-4171283-3924308,1,outputs/amazon_output_pdfs/Order_403-4171283-3924308.pdf,WP-332
405-1106604-1631514,1,outputs/amazon_output_pdfs/Order_405-1106604-1631514.pdf,WP-332
407-9961135-7668323,1,outputs/amazon_output_pdfs/Order_407-9961135-7668323.pdf,WP-354
405-1667513-3239525,1,outputs/amazon_output_pdfs/Order_405-1667513-3239525.pdf,WP-371
405-3372085-6644356,1,outputs/amazon_output_pdfs/Order_405-3372085-6644356.pdf,WP-400
402-2089965-2480345,1,outputs/amazon_output_pdfs/Order_402-2089965-2480345.pdf,WP-469
404-3498681-1981117,1,outputs/amazon_output_pdfs/Order_404-3498681-1981117.pdf,WP-63
406-2078515-6305153,1,outputs/amazon_output_pdfs/Order_406-2078515-6305153.pdf,WP-82
404-8005546-6788306,1,outputs/amazon_output_pdfs/Order_404-8005546-6788306.pdf,WP-82
407-0053377-9659543,1,outputs/amazon_output_pdfs/Order_407-0053377-9659543.pdf,WP-82
171-1807804-5777126,1,outputs/amazon_output_pdfs/Order_171-1807804-5777126.pdf,6_DecorationFans
408-0441397-4285166,1,outputs/amazon_output_pdfs/Order_408-0441397-4285166.pdf,WeddingFilmyProps
403-3375262-4659532,1,outputs/amazon_output_pdfs/Order_403-3375262-4659532.pdf,WeddingFilmyProps
404-0425682-2154765,1,outputs/amazon_output_pdfs/Order_404-0425682-2154765.pdf,0to9_Stencils
404-9692791-2056313,1,outputs/amazon_output_pdfs/Order_404-9692791-2056313.pdf,73FondantCookieCutters
407-2284677-2633926,1,outputs/amazon_output_pdfs/Order_407-2284677-2633926.pdf,Baby Safety Cabinet Locks White_4 Pcs
408-3404664-8060306,1,outputs/amazon_output_pdfs/Order_408-3404664-8060306.pdf,BabyBowSocks_Pink
405-1265929-9845938,1,outputs/amazon_output_pdfs/Order_405-1265929-9845938.pdf,BC-138
402-8328109-5563551,1,outputs/amazon_output_pdfs/Order_402-8328109-5563551.pdf,BC-138
405-2527676-2524329,1,outputs/amazon_output_pdfs/Order_405-2527676-2524329.pdf,BC-142
404-7176638-2128366,1,outputs/amazon_output_pdfs/Order_404-7176638-2128366.pdf,BC-144
404-4130253-5749925,1,outputs/amazon_output_pdfs/Order_404-4130253-5749925.pdf,BC-188
403-2728871-4679533,1,outputs/amazon_output_pdfs/Order_403-2728871-4679533.pdf,BS-11
405-2726028-7855513,1,outputs/amazon_output_pdfs/Order_405-2726028-7855513.pdf,BS-11
402-5258961-5524325,1,outputs/amazon_output_pdfs/Order_402-5258961-5524325.pdf,HB-127
171-6766522-6127555,1,outputs/amazon_output_pdfs/Order_171-6766522-6127555.pdf,HB-157
406-4517371-2964321,1,outputs/amazon_output_pdfs/Order_406-4517371-2964321.pdf,HB-159
407-4377555-0839567,1,outputs/amazon_output_pdfs/Order_407-4377555-0839567.pdf,HB-243
405-3282976-5403525,1,outputs/amazon_output_pdfs/Order_405-3282976-5403525.pdf,HB-337
171-2752103-9590713,1,outputs/amazon_output_pdfs/Order_171-2752103-9590713.pdf,HB-339
407-1258626-2251567,1,outputs/amazon_output_pdfs/Order_407-1258626-2251567.pdf,HB-349
404-1438750-5209146,1,outputs/amazon_output_pdfs/Order_404-1438750-5209146.pdf,NecklaceDisplay_Black_10
171-3193026-3994720,1,outputs/amazon_output_pdfs/Order_171-3193026-3994720.pdf,Safety Strip Guard Protector_Brown
406-9629154-3721966,1,outputs/amazon_output_pdfs/Order_406-9629154-3721966.pdf,WAISTBELT-10
408-5599780-5067503,1,outputs/amazon_output_pdfs/Order_408-5599780-5067503.pdf,WAISTBELT-10
408-1078492-3893111,1,outputs/amazon_output_pdfs/Order_408-1078492-3893111.pdf,10-HairPin-Butterfly
408-3244670-7164366,1,outputs/amazon_output_pdfs/Order_408-3244670-7164366.pdf,10SpoonSet_Black
406-2716109-9497959,1,outputs/amazon_output_pdfs/Order_406-2716109-9497959.pdf,2_FaceBrushCutterHead-Pink&Green
402-1371142-2212363,1,outputs/amazon_output_pdfs/Order_402-1371142-2212363.pdf,Adapter-OTG-GoldenWithoutLanyard
171-7357140-7667534,1,outputs/amazon_output_pdfs/Order_171-7357140-7667534.pdf,Anchor_BottleOpener
406-2711102-6407521,1,outputs/amazon_output_pdfs/Order_406-2711102-6407521.pdf,BabyCap-RedCoffee-BeigeFatBow
402-1968073-7193147,1,outputs/amazon_output_pdfs/Order_402-1968073-7193147.pdf,BabyHat-BowKnot-Purple
407-9722496-7373922,1,outputs/amazon_output_pdfs/Order_407-9722496-7373922.pdf,BabyHatButton-Cyan
403-8699539-7075500,1,outputs/amazon_output_pdfs/Order_403-8699539-7075500.pdf,BabyHatButton-Gray
404-9911000-3156356,1,outputs/amazon_output_pdfs/Order_404-9911000-3156356.pdf,BottleoOpener_Airplane
404-1203076-1595567,1,outputs/amazon_output_pdfs/Order_404-1203076-1595567.pdf,BowHeadBand-Color1002
407-9882494-5733910,1,outputs/amazon_output_pdfs/Order_407-9882494-5733910.pdf,BowHeadBand-Color1002
402-9413353-7341909,1,outputs/amazon_output_pdfs/Order_402-9413353-7341909.pdf,BowHeadBand-Color1012
406-0351612-4701903,1,outputs/amazon_output_pdfs/Order_406-0351612-4701903.pdf,BowHeadBand-Color1016
407-5551661-2928312,1,outputs/amazon_output_pdfs/Order_407-5551661-2928312.pdf,BowHeadBand-Color1016
402-3832413-3365946,1,outputs/amazon_output_pdfs/Order_402-3832413-3365946.pdf,BowHeadBand-Color1025
171-5682851-6307528,1,outputs/amazon_output_pdfs/Order_171-5682851-6307528.pdf,BowHeadBand-Color1025
402-8010935-2297140,1,outputs/amazon_output_pdfs/Order_402-8010935-2297140.pdf,BROOCH-S196
405-0336683-1701953,1,outputs/amazon_output_pdfs/Order_405-0336683-1701953.pdf,BROOCH-S58
407-4185963-1356362,1,outputs/amazon_output_pdfs/Order_407-4185963-1356362.pdf,BucketHat-Giraffe-Blue
404-8725624-5203510,1,outputs/amazon_output_pdfs/Order_404-8725624-5203510.pdf,C_WAISTBELT-38
405-3534556-8124308,1,outputs/amazon_output_pdfs/Order_405-3534556-8124308.pdf,CBS-06
402-7576933-3769110,1,outputs/amazon_output_pdfs/Order_402-7576933-3769110.pdf,Crown-Antique-BlueDiamond
408-5744409-5945942,1,outputs/amazon_output_pdfs/Order_408-5744409-5945942.pdf,Crown-HeadBand-Silver
405-6107387-3004322,1,outputs/amazon_output_pdfs/Order_405-6107387-3004322.pdf,Gen_4SilverValve
405-0289437-1363571,1,outputs/amazon_output_pdfs/Order_405-0289437-1363571.pdf,Gen_4SilverValve
408-3948499-7365135,1,outputs/amazon_output_pdfs/Order_408-3948499-7365135.pdf,GL-171
408-1396975-8731507,1,outputs/amazon_output_pdfs/Order_408-1396975-8731507.pdf,GL-259
404-9437058-9886762,1,outputs/amazon_output_pdfs/Order_404-9437058-9886762.pdf,GL-259
407-6557731-1479538,1,outputs/amazon_output_pdfs/Order_407-6557731-1479538.pdf,GL-259
404-2918149-0327566,1,outputs/amazon_output_pdfs/Order_404-2918149-0327566.pdf,GL-284
403-2615243-7234738,1,outputs/amazon_output_pdfs/Order_403-2615243-7234738.pdf,GL-284
403-1730111-7777955,1,outputs/amazon_output_pdfs/Order_403-1730111-7777955.pdf,GL-284
403-7354333-5353918,1,outputs/amazon_output_pdfs/Order_403-7354333-5353918.pdf,Goggles-Colourful-TransBlue&GrdientPink
405-7975927-7993911,1,outputs/amazon_output_pdfs/Order_405-7975927-7993911.pdf,Goggles-Colourful-TransBlue&GrdientPink
402-0611361-8970741,1,outputs/amazon_output_pdfs/Order_402-0611361-8970741.pdf,Goggles-Colourful-Transparent Blue
408-3553532-9890709,1,outputs/amazon_output_pdfs/Order_408-3553532-9890709.pdf,Goggles-Colourful-Transparent Blue
405-3099995-9264317,1,outputs/amazon_output_pdfs/Order_405-3099995-9264317.pdf,Goggles-CrownStyle-Beige
171-0840769-8974703,1,outputs/amazon_output_pdfs/Order_171-0840769-8974703.pdf,Goggles-FrenzyRound-6-Cream
407-3458679-4570703,1,outputs/amazon_output_pdfs/Order_407-3458679-4570703.pdf,Goggles-FrenzyRound-6-Green
171-2640894-9051506,1,outputs/amazon_output_pdfs/Order_171-2640894-9051506.pdf,Goggles-Modern-Red
402-6265510-0205952,1,outputs/amazon_output_pdfs/Order_402-6265510-0205952.pdf,Goggles-Modern-Red
403-7336340-4421918,1,outputs/amazon_output_pdfs/Order_403-7336340-4421918.pdf,Goggles-Monkey-Lightblue
406-7563019-5506729,1,outputs/amazon_output_pdfs/Order_406-7563019-5506729.pdf,Goggles-Monkey-Offwhite
403-2056034-0989969,1,outputs/amazon_output_pdfs/Order_403-2056034-0989969.pdf,Goggles-Monkey-Offwhite
404-9149721-3081926,1,outputs/amazon_output_pdfs/Order_404-9149721-3081926.pdf,Goggles-Monkey-Yellow
404-9263720-0365914,1,outputs/amazon_output_pdfs/Order_404-9263720-0365914.pdf,Goggles-PigStyle-Orange
402-9999566-9830719,1,outputs/amazon_output_pdfs/Order_402-9999566-9830719.pdf,Goggles-PigStyle-Orange
403-6004785-1637921,1,outputs/amazon_output_pdfs/Order_403-6004785-1637921.pdf,Goggles-RabbitStyle-Pink
404-9882928-0718760,1,outputs/amazon_output_pdfs/Order_404-9882928-0718760.pdf,Goggles-Round-BlueFrame&Brown
405-7824091-9757163,1,outputs/amazon_output_pdfs/Order_405-7824091-9757163.pdf,Goggles-Round-BlueFrame&Brown
171-5405997-4681131,1,outputs/amazon_output_pdfs/Order_171-5405997-4681131.pdf,Goggles-SpiderMan
404-7105194-8609948,1,outputs/amazon_output_pdfs/Order_404-7105194-8609948.pdf,HairRingZipper-FiveColours-100
407-0163908-9581923,1,outputs/amazon_output_pdfs/Order_407-0163908-9581923.pdf,HeadBand-DoubleFlower-BigRed
404-5809143-4495501,1,outputs/amazon_output_pdfs/Order_404-5809143-4495501.pdf,HeadBand-DoubleFlower-WineRed
402-8810834-4553902,1,outputs/amazon_output_pdfs/Order_402-8810834-4553902.pdf,HemRolledFoot_3Pcs
404-6990721-0528300,1,outputs/amazon_output_pdfs/Order_404-6990721-0528300.pdf,ICB-01-13
402-0969619-9473913,1,outputs/amazon_output_pdfs/Order_402-0969619-9473913.pdf,LuggageLocks_SilverGrey_2
407-5574414-7801917,1,outputs/amazon_output_pdfs/Order_407-5574414-7801917.pdf,PandaHanger_White_Packof2
405-0299734-8109111,1,outputs/amazon_output_pdfs/Order_405-0299734-8109111.pdf,PencilGrip
405-9333045-5430752,1,outputs/amazon_output_pdfs/Order_405-9333045-5430752.pdf,PencilGrip
405-5554036-3781903,1,outputs/amazon_output_pdfs/Order_405-5554036-3781903.pdf,PortableThermometer
402-9001889-7178729,1,outputs/amazon_output_pdfs/Order_402-9001889-7178729.pdf,SiliconFaucet_1
407-9434666-9505121,1,outputs/amazon_output_pdfs/Order_407-9434666-9505121.pdf,Tiara-Luxury12FlowersWhiteandFleshPink
403-2036057-8788304,1,outputs/amazon_output_pdfs/Order_403-2036057-8788304.pdf,TurbonHeadWrap_Black
403-9596212-8525910,1,outputs/amazon_output_pdfs/Order_403-9596212-8525910.pdf,TurbonHeadWrap_Green
404-6061837-7562757,1,outputs/amazon_output_pdfs/Order_404-6061837-7562757.pdf,WA-03
406-5612911-4877144,1,outputs/amazon_output_pdfs/Order_406-5612911-4877144.pdf,WAISTBELT-121
403-7070942-2138704,1,outputs/amazon_output_pdfs/Order_403-7070942-2138704.pdf,WAISTBELT-123
171-6435529-2992362,1,outputs/amazon_output_pdfs/Order_171-6435529-2992362.pdf,WAISTBELT-130
403-6919373-8998721,1,outputs/amazon_output_pdfs/Order_403-6919373-8998721.pdf,WaistBelt-RetroBuckle-Black
171-3123282-8825159,1,outputs/amazon_output_pdfs/Order_171-3123282-8825159.pdf,WaistBelt-YD003
406-6814096-4001932,1,outputs/amazon_output_pdfs/Order_406-6814096-4001932.pdf,WineOpener_Blue
408-1632890-8832351,1,outputs/amazon_output_pdfs/Order_408-1632890-8832351.pdf,2CakeLeveler_Green
407-6811520-3194749,1,outputs/amazon_output_pdfs/Order_407-6811520-3194749.pdf,4_KittyBabySocks
404-5213960-1187510,1,outputs/amazon_output_pdfs/Order_404-5213960-1187510.pdf,4_KittyBabySocks
171-2254008-4011555,1,outputs/amazon_output_pdfs/Order_171-2254008-4011555.pdf,BottleDryingRack
171-0613348-9101126,1,outputs/amazon_output_pdfs/Order_171-0613348-9101126.pdf,BottleDryingRack
402-9179340-6591552,1,outputs/amazon_output_pdfs/Order_402-9179340-6591552.pdf,BottleOpener_Deer
407-0610566-8977965,1,outputs/amazon_output_pdfs/Order_407-0610566-8977965.pdf,BottleOpener_Deer
171-6882666-9132309,1,outputs/amazon_output_pdfs/Order_171-6882666-9132309.pdf,BowHeadBand-Color1005
407-0226122-1311572,1,outputs/amazon_output_pdfs/Order_407-0226122-1311572.pdf,DeskPad-DarkBlue-LightBlue
407-3755163-7162757,1,outputs/amazon_output_pdfs/Order_407-3755163-7162757.pdf,"DeskPad-Small-Black,Black"
408-4498132-3958752,1,outputs/amazon_output_pdfs/Order_408-4498132-3958752.pdf,"DeskPad-Small-DarkBlue,LightBlue"
403-6336595-2558704,1,outputs/amazon_output_pdfs/Order_403-6336595-2558704.pdf,DistanceMeasuringWheel
403-4081887-2529932,1,outputs/amazon_output_pdfs/Order_403-4081887-2529932.pdf,FaceBrushCutterHead_Green
402-8335963-0139525,1,outputs/amazon_output_pdfs/Order_402-8335963-0139525.pdf,FancyRoundCap_Pink
402-4074922-4221161,1,outputs/amazon_output_pdfs/Order_402-4074922-4221161.pdf,FlowerHat_Maroon
402-3075855-5996361,1,outputs/amazon_output_pdfs/Order_402-3075855-5996361.pdf,FlowerHat_Peach
171-4380740-3072345,1,outputs/amazon_output_pdfs/Order_171-4380740-3072345.pdf,HairMeasureTool
402-4635590-7970703,1,outputs/amazon_output_pdfs/Order_402-4635590-7970703.pdf,LoveTravel_Blue
408-0171275-4013117,1,outputs/amazon_output_pdfs/Order_408-0171275-4013117.pdf,ShoulderStrap_Orange
171-6144136-7419540,1,outputs/amazon_output_pdfs/Order_171-6144136-7419540.pdf,Tree Shape Storage Rack_White
408-2851635-3096327,1,outputs/amazon_output_pdfs/Order_408-2851635-3096327.pdf,TurbonHeadWrap_LightPink
407-7350848-4153112,1,outputs/amazon_output_pdfs/Order_407-7350848-4153112.pdf,WaistBelt-AudiBuckle-Camel
408-7743373-8716341,1,outputs/amazon_output_pdfs/Order_408-7743373-8716341.pdf,WP-213
408-1710790-5430707,1,outputs/amazon_output_pdfs/Order_408-1710790-5430707.pdf,WP-40
407-9687937-4749908,1,outputs/amazon_output_pdfs/Order_407-9687937-4749908.pdf,BulletFoamStick_Black_50
